X,Y,LABEL
74,436,4
436,6,4
467,196,2
311,155,4
60,393,4
337,412,2
212,298,4
234,216,0
190,141,0
368,398,2
368,197,4
382,133,4
71,268,3
453,401,0
338,478,1
359,32,3
220,363,4
283,385,1
361,271,1
138,251,1
127,106,0
33,91,1
231,146,1
158,41,1
199,268,4
412,485,1
98,335,3
135,179,0
485,322,1
279,10,2
242,180,0
148,315,4
143,314,4
357,335,0
113,92,0
394,456,0
158,496,3
71,249,1
372,58,3
143,278,4
130,234,1
282,435,1
12,473,4
31,440,4
33,174,1
53,212,2
301,338,1
128,487,3
435,176,2
263,228,4
240,416,3
424,478,1
227,396,3
178,499,3
343,328,0
112,276,3
395,490,0
187,202,1
396,64,4
344,443,2
274,423,1
4,28,0
467,90,3
49,471,4
86,461,4
424,85,4
417,35,3
398,479,0
148,437,2
366,300,0
73,237,1
438,95,4
374,80,2
6,311,3
273,356,1
483,440,0
95,304,3
165,94,2
145,75,2
365,72,2
199,350,4
424,221,3
300,479,2
60,189,1
250,360,4
10,121,1
157,322,4
146,243,0
390,303,1
231,390,3
471,213,2
88,361,3
110,380,2
303,455,2
290,401,1
413,106,4
106,177,2
78,144,2
209,329,4
80,93,0
206,73,1
210,299,4
486,426,0
176,311,3
87,257,3
309,241,4
398,71,4
298,117,3
50,321,3
322,121,3
92,72,0
377,300,0
167,284,4
427,293,1
357,53,3
373,172,4
252,253,0
157,133,0
87,97,0
163,258,4
144,169,0
26,499,4
344,477,1
494,424,0
104,1,1
285,252,4
440,119,4
284,196,4
273,195,4
467,30,4
197,320,3
18,78,0
11,108,1
233,455,3
388,200,3
171,167,0
384,210,3
322,132,4
194,28,2
89,145,2
272,394,1
65,477,4
189,145,0
287,268,0
51,372,3
425,135,3
328,497,1
195,382,4
469,366,1
483,426,0
31,137,1
241,258,4
332,262,0
134,405,2
101,402,4
279,200,4
61,178,1
266,154,4
486,181,3
31,304,3
450,150,3
448,56,4
177,163,0
282,234,4
428,402,0
488,408,1
119,231,1
387,7,3
187,300,4
105,273,3
134,92,2
143,45,1
75,474,4
394,495,1
146,333,4
326,448,1
183,290,4
161,110,2
50,493,4
214,81,1
434,171,2
117,323,3
63,241,2
126,188,1
399,184,3
432,225,3
209,178,0
458,212,2
107,406,4
92,304,3
468,263,2
451,225,2
103,341,3
163,410,3
488,25,4
156,436,2
490,442,0
154,210,0
335,408,2
140,186,0
25,214,2
9,317,3
320,0,3
142,376,4
80,484,4
91,70,0
369,427,2
72,93,0
328,64,2
448,234,2
117,448,4
457,5,4
378,128,4
69,238,1
270,26,2
145,441,2
278,436,1
480,78,4
100,245,1
9,156,1
219,460,2
77,21,0
130,292,4
199,168,1
351,14,3
409,1,4
15,261,2
155,430,3
156,489,3
63,331,3
22,79,0
427,155,3
145,381,4
467,424,1
167,95,2
428,383,2
408,390,0
25,209,2
300,77,3
151,346,4
216,401,3
461,346,1
341,422,2
268,48,3
255,303,4
192,277,4
91,375,3
192,267,4
456,352,1
344,474,1
277,407,1
46,338,3
403,223,3
439,205,3
466,114,4
154,191,0
345,118,3
6,41,0
394,91,4
429,33,3
287,464,2
492,206,2
20,131,1
99,422,4
118,343,2
250,253,0
105,36,0
438,285,1
397,42,4
227,38,1
186,109,2
150,26,1
243,340,4
188,277,4
23,471,4
268,119,3
65,484,4
169,204,1
256,333,0
492,76,4
237,150,1
324,394,2
58,489,4
230,229,0
253,291,4
72,459,3
385,140,2
51,20,0
484,274,2
211,349,3
19,372,3
254,34,2
229,281,4
1,9,0
464,351,1
170,8,1
414,373,2
306,85,3
140,356,4
389,470,0
161,105,2
396,230,3
374,330,0
86,488,4
91,349,2
9,76,0
282,197,4
65,93,0
474,376,1
400,321,2
89,295,3
215,85,1
5,131,1
420,96,4
463,95,4
187,290,4
341,305,1
190,317,3
301,402,1
410,368,2
319,235,4
4,238,2
121,273,3
420,248,3
85,42,1
93,440,4
5,322,3
149,188,0
169,442,2
178,297,4
174,332,4
191,116,2
370,346,0
323,481,1
168,197,1
388,436,0
61,84,1
307,466,2
307,312,0
371,162,4
255,463,3
11,430,4
0,33,0
254,195,0
404,434,0
93,495,4
420,150,3
134,458,3
269,188,4
336,237,4
112,449,4
478,210,2
112,53,0
203,326,3
395,334,1
496,286,2
314,406,1
296,126,3
102,107,0
387,152,2
297,338,1
129,447,3
280,109,3
267,228,4
243,180,0
59,398,4
271,110,3
38,191,1
238,309,4
123,327,3
450,138,3
106,440,4
372,39,3
401,105,4
453,105,4
232,301,4
439,109,4
309,213,4
415,119,4
428,401,0
274,431,1
251,171,0
191,125,1
215,497,2
41,218,2
495,420,0
319,440,1
355,271,1
376,65,3
183,202,1
280,96,3
59,286,2
422,434,0
60,271,3
136,371,4
115,240,1
399,390,0
457,339,1
239,439,3
55,114,0
352,361,0
330,242,4
25,74,0
422,8,4
207,411,3
7,394,3
288,174,3
163,298,3
258,416,1
272,53,2
89,269,3
294,105,3
424,424,0
336,285,0
173,493,3
440,232,3
379,467,1
87,238,1
216,272,4
137,226,1
417,31,4
269,83,3
78,142,1
124,85,0
457,476,0
461,461,0
152,23,1
160,427,2
232,450,2
4,339,3
123,202,1
325,200,3
269,325,0
477,470,0
406,43,4
344,137,4
111,194,1
71,207,1
147,234,1
121,430,4
154,36,1
283,366,1
253,422,3
110,276,3
221,407,3
274,118,3
65,401,4
124,403,4
390,411,0
398,186,3
433,290,1
435,114,4
414,486,1
189,230,0
229,101,1
160,81,2
252,319,4
393,421,0
381,163,4
334,120,3
269,246,4
491,371,1
434,374,1
98,186,2
128,381,4
96,18,1
6,247,2
350,330,0
27,75,0
71,161,2
206,400,3
235,427,3
268,402,1
486,441,0
355,341,0
228,452,2
377,226,4
328,37,3
0,109,1
216,306,4
204,496,3
160,330,4
465,204,2
485,354,1
60,465,4
146,86,1
148,83,1
357,128,4
359,204,4
299,8,2
2,317,3
40,100,0
367,112,2
446,110,4
261,149,4
67,68,0
51,151,1
86,81,0
477,392,0
12,155,1
274,474,2
86,414,4
498,179,3
88,3,0
387,490,1
233,297,4
20,411,3
335,406,2
168,124,2
46,328,3
239,333,4
55,314,2
206,314,4
83,172,2
411,287,1
15,98,1
62,159,1
347,114,2
258,485,2
346,354,0
287,55,2
111,414,4
412,155,2
354,15,3
428,279,1
10,103,1
214,261,4
398,343,2
246,61,2
5,244,2
359,410,2
68,377,3
129,69,1
258,242,4
304,318,0
236,92,1
17,126,1
447,93,4
72,379,3
486,412,1
294,445,1
411,288,1
183,219,1
313,0,3
103,291,3
182,30,1
216,72,1
17,428,4
27,237,2
467,15,4
22,246,2
332,162,4
18,31,0
205,134,0
335,57,3
342,419,2
368,380,0
170,304,4
89,251,1
74,41,0
460,83,4
472,243,2
215,459,2
347,11,3
72,147,2
128,160,0
479,39,4
344,140,4
180,324,4
243,1,2
85,444,4
41,174,1
305,217,4
143,271,3
127,365,2
121,104,0
181,210,1
278,200,4
77,160,2
500,110,4
246,99,1
43,465,4
307,238,4
100,399,4
388,414,0
495,118,4
298,10,2
38,476,4
95,433,4
238,128,1
231,127,1
21,278,2
273,301,0
22,55,0
100,147,2
60,395,4
235,262,4
457,99,4
2,397,3
420,132,2
332,482,1
213,277,4
209,337,3
122,375,2
55,97,0
156,232,1
315,318,0
81,194,1
93,488,4
467,215,2
53,196,2
82,158,2
311,479,2
435,438,0
48,480,4
168,226,0
184,238,0
289,45,2
332,198,3
148,344,4
295,183,4
258,267,0
301,293,0
26,180,1
485,33,4
233,332,4
137,351,4
180,434,2
458,173,3
10,424,4
360,150,4
381,277,1
185,261,4
433,372,1
212,337,3
188,116,2
47,303,2
31,99,1
201,184,1
0,114,1
370,181,4
492,253,2
128,71,1
266,309,0
450,113,4
306,190,3
460,167,3
221,498,3
273,393,1
286,282,0
422,387,0
293,269,0
123,378,2
399,119,4
194,403,3
333,427,2
399,481,1
70,442,4
396,181,3
114,54,0
406,54,4
103,93,0
482,64,4
81,122,0
69,451,3
285,482,2
372,411,2
333,43,3
107,238,1
340,37,3
257,343,0
181,211,1
205,479,2
467,474,0
399,194,3
379,114,2
303,496,2
299,207,4
482,101,3
295,319,0
279,104,3
107,418,4
74,473,4
256,73,3
141,122,2
171,303,3
416,175,2
313,414,1
105,119,0
411,327,2
9,197,2
497,478,0
357,452,1
335,453,1
64,329,2
77,390,4
298,474,2
434,315,1
489,269,2
260,81,3
117,1,1
487,150,3
26,283,2
55,361,3
236,371,4
314,382,0
404,319,1
72,231,1
270,7,2
337,237,4
497,297,2
416,53,4
445,102,4
143,75,1
368,226,4
153,216,0
398,367,2
446,441,0
289,404,1
229,52,2
417,17,4
360,415,2
199,237,0
292,208,4
417,80,4
197,80,1
56,346,3
189,227,0
82,73,0
415,234,3
353,453,1
256,155,4
319,475,2
331,2,3
100,213,1
64,493,4
147,151,0
43,463,4
195,187,1
131,255,1
163,313,4
352,222,4
26,339,3
50,156,1
351,5,3
18,319,3
244,424,3
0,218,2
148,325,4
274,423,1
364,402,2
112,386,4
93,88,0
402,361,2
1,115,1
490,460,0
386,220,3
495,1,4
240,415,3
313,3,3
154,290,4
68,187,2
35,340,3
379,150,4
310,217,4
399,319,1
2,203,2
474,351,1
74,257,3
91,421,4
169,14,1
498,110,4
366,133,4
40,38,0
423,487,0
490,195,2
390,437,0
402,64,4
70,5,0
456,248,3
492,249,2
178,136,0
322,101,2
240,444,3
337,255,4
143,207,0
5,335,3
90,117,0
383,338,0
81,322,2
168,110,1
283,480,2
34,293,2
174,14,1
264,20,2
46,444,4
160,74,2
352,307,0
458,197,2
36,270,2
129,25,1
421,359,1
121,272,3
291,146,4
184,12,1
142,162,0
470,498,0
491,479,0
319,233,4
493,436,0
361,75,2
25,254,2
228,244,0
435,287,1
60,321,3
148,150,0
133,391,2
309,454,2
222,37,2
0,156,1
407,84,4
296,42,2
290,383,0
275,302,0
379,366,0
339,113,2
274,344,0
219,116,1
445,308,1
263,296,0
132,436,3
327,364,0
408,67,4
145,197,0
181,185,0
152,440,2
386,69,4
245,481,2
196,451,2
1,284,2
236,131,1
252,229,0
244,487,2
401,243,3
72,232,1
108,322,3
497,339,1
461,78,3
141,430,2
490,3,4
263,500,2
311,131,4
297,496,2
488,14,4
205,0,2
215,196,0
488,306,2
28,35,0
55,291,2
340,348,0
340,117,2
276,141,4
330,365,0
264,343,0
434,471,1
457,168,3
382,312,0
319,65,3
497,146,3
288,413,1
252,124,1
27,70,0
68,28,0
77,428,4
359,346,0
396,460,0
331,441,2
168,497,3
378,61,3
283,296,0
312,421,1
459,237,2
74,107,0
458,144,3
18,234,2
113,290,3
190,499,3
12,391,3
312,198,4
360,246,4
454,297,2
1,107,1
363,398,2
358,309,0
333,480,1
432,184,2
494,451,0
416,353,1
260,25,2
81,136,2
372,451,1
336,236,4
152,96,2
448,459,0
403,21,3
390,144,2
377,122,2
288,286,0
275,447,1
272,79,3
19,376,3
169,371,4
224,346,4
237,222,0
128,10,1
265,286,0
443,163,2
343,261,0
280,52,3
244,369,3
70,73,0
236,457,2
48,121,0
44,215,2
158,59,1
329,81,2
122,259,3
184,435,2
165,274,4
16,450,4
192,301,4
219,9,2
17,203,2
37,112,0
119,205,1
434,386,0
496,242,2
434,355,2
269,3,2
35,134,1
406,381,2
490,194,2
287,337,0
266,52,3
246,225,0
358,396,2
226,429,3
79,195,1
499,114,3
431,70,4
21,66,0
86,383,2
380,296,0
292,390,1
209,48,2
8,259,2
294,356,0
116,101,0
458,12,4
325,223,4
15,311,3
49,437,3
411,92,4
48,254,2
83,194,1
428,343,2
95,18,0
172,359,4
426,221,3
500,52,4
33,194,2
89,201,1
124,443,4
339,119,2
399,131,2
39,302,2
191,126,1
311,469,2
172,379,4
64,241,1
124,31,0
70,457,3
141,207,0
481,35,4
169,68,2
83,400,4
291,363,0
487,396,1
102,141,2
324,197,3
318,209,4
449,396,0
246,165,0
211,144,0
499,112,3
42,307,2
426,314,1
60,132,1
266,400,1
32,121,0
275,66,3
285,294,0
373,219,4
317,31,2
56,87,1
236,385,3
445,83,4
82,383,3
203,488,2
19,168,1
138,314,4
315,55,2
209,411,3
462,122,4
160,390,2
271,464,2
171,296,3
252,148,1
346,474,1
410,404,0
26,58,0
320,473,1
380,100,2
159,92,1
63,60,0
298,353,0
482,460,0
116,151,2
320,203,3
194,155,0
288,191,4
106,304,3
100,429,4
77,220,1
434,53,3
310,279,0
441,298,1
20,116,0
70,198,1
166,246,0
258,360,1
345,376,0
354,380,0
2,256,2
344,57,3
240,456,3
91,415,4
187,227,0
430,167,2
479,425,1
220,186,1
407,358,2
1,179,1
226,186,0
27,39,0
314,428,1
44,221,2
214,320,4
407,378,2
232,239,0
333,316,1
451,251,3
386,271,1
372,9,3
417,451,0
492,470,0
164,168,0
161,261,4
126,487,4
255,474,2
371,316,0
18,183,1
492,137,3
137,346,4
221,276,4
164,163,0
34,294,2
231,495,2
113,482,4
17,186,1
323,476,1
68,465,4
174,289,3
59,183,1
113,86,0
181,263,4
385,131,2
170,412,3
255,184,0
364,440,2
494,373,1
352,425,2
330,432,2
299,83,3
185,31,1
153,100,2
62,9,0
302,495,1
174,3,1
137,237,1
310,220,4
85,153,2
58,148,1
337,29,3
44,364,3
287,425,1
371,302,0
384,452,0
351,194,4
183,6,1
206,96,1
31,252,2
0,223,2
359,199,4
365,270,0
26,104,1
403,167,3
15,2,0
301,48,2
232,327,4
228,208,0
484,70,4
267,157,4
98,412,4
370,133,4
101,19,1
446,57,3
69,448,3
300,208,4
56,107,0
398,121,4
309,89,3
350,310,1
91,100,0
197,477,2
19,124,1
240,236,0
374,221,4
377,272,1
60,343,3
379,284,1
485,271,2
283,171,4
263,78,3
222,290,4
53,470,4
231,139,1
485,366,1
66,295,3
386,33,4
54,83,1
240,115,1
484,96,3
66,220,1
396,66,4
446,290,1
319,444,1
339,99,3
376,336,0
122,61,0
81,235,1
63,402,4
21,305,2
95,402,4
159,321,4
245,306,4
442,173,2
250,6,2
60,399,4
357,114,2
363,462,1
415,197,3
122,110,0
96,486,3
159,456,3
396,191,3
346,31,3
15,243,2
76,422,4
175,68,2
85,373,2
28,149,1
327,469,1
292,409,1
188,288,4
397,222,3
485,71,4
433,257,1
418,455,1
147,197,0
101,34,0
86,336,2
386,363,2
169,477,3
157,305,4
452,449,0
343,76,2
485,439,0
135,171,0
56,257,3
214,400,3
12,111,0
51,229,2
264,398,1
103,452,4
340,112,2
222,131,0
184,155,0
419,56,4
366,48,3
334,197,3
457,319,2
188,466,3
475,25,4
440,199,3
93,394,4
262,220,4
163,171,0
444,139,3
371,41,3
500,229,2
301,349,1
430,140,2
236,227,0
91,148,2
257,294,0
189,164,0
142,263,3
335,69,2
369,240,3
152,215,0
84,318,3
382,432,2
149,437,2
83,163,2
43,372,3
387,402,0
249,358,4
36,57,0
340,376,0
29,462,4
83,422,4
343,423,2
378,314,0
463,480,0
168,153,0
111,328,2
201,397,3
456,164,3
480,305,2
362,182,4
57,61,0
408,215,3
316,429,1
293,452,2
3,487,4
36,146,1
49,118,0
95,403,4
222,83,1
29,398,4
492,118,4
21,387,4
64,470,4
446,29,4
1,319,3
445,213,3
29,320,3
191,335,4
444,215,3
197,95,1
103,367,2
31,57,0
192,398,3
408,271,1
451,257,1
287,90,3
477,290,2
267,97,3
46,348,3
453,385,0
17,383,3
368,343,0
354,437,2
411,304,1
285,48,3
190,75,2
77,340,2
217,32,2
7,120,1
254,256,4
392,158,2
194,355,4
55,128,1
343,422,2
80,269,3
315,134,4
297,253,4
414,154,2
297,421,1
350,109,3
376,482,1
19,271,2
257,414,1
268,54,3
2,222,2
426,72,4
266,145,4
20,336,3
263,57,3
454,22,4
310,93,3
183,296,4
204,384,3
226,197,0
440,396,0
202,163,1
114,261,3
318,337,1
130,189,0
266,187,4
327,355,0
318,356,0
264,481,2
395,191,3
54,433,3
135,291,4
151,136,0
455,388,0
286,211,4
151,204,0
452,257,1
61,222,2
362,498,1
140,232,1
321,479,1
344,447,2
43,372,3
156,434,3
223,126,1
454,416,1
145,15,1
413,370,2
272,297,0
73,469,4
312,468,2
60,188,1
197,411,3
332,108,2
248,446,3
114,178,1
147,323,4
84,479,3
326,202,3
467,261,2
425,59,4
196,465,2
210,303,4
483,334,1
273,347,0
491,30,4
354,78,3
424,301,1
262,186,4
220,10,2
419,352,1
376,155,4
169,173,0
44,404,4
458,199,2
340,320,0
181,311,3
195,283,4
70,174,2
328,135,4
318,493,2
447,360,2
297,142,4
209,232,0
421,439,0
481,261,2
355,191,4
85,245,1
336,343,0
123,159,2
146,54,1
184,200,1
120,151,2
383,465,1
494,166,3
178,156,0
262,309,0
336,183,4
339,476,1
189,284,4
333,283,0
78,222,1
303,482,2
346,280,0
387,499,1
151,442,3
460,286,2
417,147,3
264,14,2
239,12,2
244,375,3
17,152,1
61,342,3
471,367,1
106,232,1
262,37,2
472,29,4
248,315,4
489,167,3
316,412,1
15,190,1
160,164,0
9,483,4
152,337,4
130,28,1
278,175,4
279,267,0
351,158,4
116,140,2
347,250,4
36,280,3
302,216,4
370,355,0
180,359,4
434,444,0
382,308,0
327,375,0
314,142,4
185,47,1
442,70,4
303,308,0
177,317,3
445,60,3
471,39,4
291,361,0
138,351,4
274,293,0
349,399,2
303,204,4
68,381,3
453,173,3
381,463,1
184,9,1
404,433,0
483,260,2
206,38,2
207,410,3
346,89,2
158,293,4
430,129,3
253,242,0
352,256,0
359,298,0
118,408,4
333,308,1
476,72,4
353,404,2
318,231,4
118,363,2
450,89,4
181,282,4
426,36,3
120,271,3
349,284,0
86,255,1
43,498,4
481,426,0
57,385,4
499,401,0
242,172,0
152,299,4
429,16,4
141,409,2
277,465,1
95,348,2
450,373,1
49,120,0
281,345,0
259,186,4
286,289,0
333,256,0
448,103,4
182,244,0
5,297,3
147,257,4
245,376,3
170,129,0
448,484,0
369,418,2
159,247,1
201,452,2
155,305,4
344,7,3
395,435,0
145,347,4
384,278,1
11,384,3
492,239,2
52,311,2
170,11,1
350,75,2
154,379,4
185,294,4
330,321,0
263,303,0
102,79,0
45,496,4
185,139,0
254,415,3
288,437,1
147,451,3
497,80,4
456,428,1
172,189,0
24,306,2
466,365,1
56,422,4
92,323,2
253,41,2
296,99,3
287,386,1
436,200,3
455,261,1
26,451,4
357,146,4
412,362,2
319,339,1
339,124,3
487,445,0
494,461,0
322,83,2
147,96,2
215,346,3
91,29,0
2,490,4
270,170,4
287,254,4
398,495,0
298,224,4
432,362,2
175,489,3
405,181,2
441,278,1
230,219,0
177,293,4
80,186,2
387,112,4
266,430,1
314,464,2
305,164,4
461,129,3
210,53,2
360,354,0
279,412,1
395,131,2
458,126,4
42,210,2
113,99,0
122,283,3
343,492,1
352,71,2
265,58,3
242,74,1
403,90,4
54,288,2
97,9,1
289,118,3
335,436,2
407,445,0
482,27,4
28,411,3
298,376,0
54,8,0
4,392,3
286,32,3
368,330,0
172,149,0
48,280,2
351,314,1
495,299,1
330,6,3
3,164,1
171,213,1
477,25,4
193,416,3
256,235,4
18,75,0
204,92,1
21,85,0
77,103,0
303,80,3
360,129,4
42,354,3
467,1,4
363,1,3
13,164,1
9,253,2
247,422,3
432,307,1
149,210,0
259,325,0
239,237,0
464,380,1
404,25,3
489,303,1
240,255,0
440,108,4
320,261,0
146,341,4
442,271,1
126,211,1
88,451,4
486,232,2
477,401,0
97,473,4
38,111,0
439,428,0
215,167,1
148,404,2
318,127,3
390,99,4
349,407,2
282,14,2
127,440,4
213,97,1
259,16,2
61,376,3
43,487,4
430,192,3
158,363,4
162,499,3
103,274,3
488,115,4
405,359,2
471,52,4
195,99,1
472,33,4
60,45,0
88,160,2
491,486,0
298,347,1
84,81,0
467,144,3
444,309,1
161,222,1
219,54,2
18,245,2
33,337,3
23,362,3
482,220,3
217,427,3
425,21,4
94,105,0
382,161,4
491,450,0
469,250,3
340,113,2
86,489,4
44,11,0
308,130,4
65,491,4
470,450,0
479,205,2
373,484,1
13,58,0
306,112,3
32,467,4
403,439,0
384,135,2
464,395,0
133,284,4
67,293,3
479,60,4
346,263,0
164,434,2
249,210,0
173,309,4
55,241,1
92,366,3
217,432,3
347,320,0
248,160,0
436,372,1
294,17,3
443,119,4
257,375,1
121,450,4
414,307,1
353,255,4
202,481,2
298,482,2
349,343,0
137,205,0
381,198,4
358,357,0
170,266,4
203,76,1
82,90,0
393,81,4
282,252,4
136,486,3
104,183,2
492,141,3
226,133,1
377,285,1
439,409,0
381,163,4
377,104,2
189,194,1
427,140,2
398,63,4
106,403,4
346,12,3
408,68,4
334,496,1
168,435,2
221,342,3
411,55,4
447,494,0
277,183,4
353,84,3
209,153,0
179,84,2
490,272,2
247,410,3
293,50,2
91,401,4
243,499,2
386,234,3
147,267,4
140,172,0
141,161,0
51,448,4
77,234,1
321,252,4
151,453,3
201,139,0
215,117,1
409,131,2
342,378,0
417,66,4
337,218,3
441,316,1
273,184,4
132,258,3
447,350,2
227,200,0
176,319,3
313,488,2
130,120,2
329,174,4
91,389,4
347,76,2
464,207,2
120,158,2
491,478,0
248,123,1
483,171,3
371,351,0
494,0,4
454,399,0
122,329,3
416,268,1
257,353,0
279,65,3
408,131,2
5,498,4
174,209,1
439,218,3
231,404,3
25,302,3
88,327,2
90,436,4
482,466,0
14,138,1
300,239,4
25,393,4
231,315,4
413,383,2
484,310,2
51,236,2
40,461,4
150,5,1
161,320,4
491,403,1
223,491,3
431,312,1
209,409,3
488,212,3
155,400,2
277,395,1
282,303,0
428,204,3
443,221,3
156,330,4
372,119,2
398,6,3
173,210,1
361,174,4
178,310,3
39,139,1
54,279,2
149,432,2
104,450,4
297,364,0
88,454,4
243,278,4
212,228,0
165,82,2
166,310,4
86,387,4
207,18,2
100,129,2
452,128,3
299,25,3
451,58,4
291,459,2
231,190,0
370,415,2
413,203,3
27,307,2
473,233,3
476,105,4
123,339,2
399,113,4
119,27,1
13,318,3
336,417,2
13,314,3
146,305,4
2,34,0
403,499,0
76,415,4
470,222,2
313,386,1
385,428,0
196,144,0
401,310,1
424,467,1
24,498,4
343,9,3
187,499,3
415,363,2
200,127,1
113,392,4
283,299,0
125,142,2
161,45,1
304,100,3
393,495,1
413,108,4
440,378,1
372,229,4
466,396,0
358,422,1
296,59,2
431,139,2
251,119,1
162,67,2
140,233,1
18,54,0
126,397,4
176,446,2
188,164,0
285,377,1
431,98,4
280,384,1
13,439,4
433,13,4
445,170,2
445,350,2
178,437,2
254,233,0
264,444,1
17,107,1
63,145,1
172,286,4
37,9,0
244,451,3
437,152,3
259,13,2
303,288,0
434,491,0
392,431,0
166,56,1
157,95,1
188,329,4
359,488,1
277,0,2
145,197,0
162,195,0
339,54,3
166,396,2
224,213,0
137,166,0
99,169,2
26,433,4
462,465,0
319,463,2
129,113,2
492,262,2
210,17,1
262,80,3
10,46,0
459,427,0
149,266,4
20,22,0
442,218,3
311,448,2
366,390,2
111,314,3
476,22,4
265,106,3
284,492,2
449,432,1
160,124,2
33,470,4
370,128,4
174,35,1
122,332,3
315,148,4
47,227,2
319,425,1
160,160,0
328,306,1
254,142,1
251,428,3
324,270,0
330,11,3
392,213,3
92,154,1
467,373,1
149,355,4
114,146,2
136,318,4
471,150,3
172,493,3
479,170,3
303,370,0
155,435,2
425,405,0
248,440,3
338,229,4
236,387,3
258,318,0
489,417,0
488,160,3
31,187,1
299,94,3
227,411,3
94,429,4
127,255,1
341,257,0
333,241,4
85,131,2
450,96,4
401,175,3
167,480,3
469,146,3
11,400,4
190,54,1
81,133,2
242,244,0
196,349,4
47,39,0
158,479,3
85,350,2
434,169,2
348,123,2
124,52,0
172,493,3
368,104,2
472,360,1
184,292,4
477,40,4
206,46,2
73,269,3
451,394,0
466,54,4
410,200,3
239,27,2
32,261,2
121,16,1
89,157,1
269,199,4
255,435,3
371,130,4
49,359,3
119,494,4
320,45,3
201,245,0
436,116,4
38,272,3
61,370,3
481,499,0
175,348,4
370,359,0
278,463,2
259,435,1
428,321,2
5,395,3
316,453,2
488,396,1
247,40,2
110,410,4
71,40,1
24,293,3
199,179,1
388,436,0
40,281,3
391,264,1
237,369,4
469,163,3
322,148,4
181,292,4
252,114,1
302,9,2
280,162,4
146,24,1
79,472,4
123,429,4
205,307,4
245,412,3
172,36,1
276,240,4
484,348,1
300,495,1
312,96,3
92,304,3
133,67,1
349,261,0
390,477,0
140,191,0
35,477,4
412,353,2
494,397,0
278,460,2
209,31,2
113,216,1
231,459,3
424,297,1
282,22,2
183,192,1
426,54,4
93,478,3
74,372,3
186,226,0
34,322,3
333,498,1
326,120,3
377,308,0
432,55,3
401,86,4
420,246,3
419,165,2
110,387,4
253,175,0
48,217,2
298,472,2
317,400,1
309,381,0
120,291,3
312,269,0
426,133,3
178,413,3
51,262,3
179,389,3
317,169,4
485,183,3
131,16,1
163,395,2
59,273,2
323,205,3
159,203,0
320,259,0
283,287,0
2,427,4
424,470,1
410,393,0
26,279,2
26,367,3
322,29,3
252,358,4
423,156,3
182,223,1
203,484,3
183,265,4
417,100,4
264,9,2
145,211,0
101,337,3
342,123,3
312,301,0
89,22,0
337,428,2
33,94,1
268,383,1
285,124,3
113,371,2
440,178,2
225,7,2
301,221,4
57,345,3
451,223,2
3,7,0
396,306,1
415,188,2
192,270,4
466,118,4
164,367,4
257,411,1
314,430,1
45,247,2
206,70,1
55,177,1
345,300,1
194,1,1
469,229,3
104,461,4
106,426,4
121,491,4
305,280,0
214,19,1
315,343,1
99,62,0
493,285,2
300,489,1
89,149,2
491,213,3
94,200,1
295,441,1
237,277,4
386,42,4
298,92,3
192,244,0
12,496,4
9,287,2
101,400,4
34,344,3
395,495,1
247,439,3
385,26,4
280,444,1
252,136,1
274,14,2
39,144,1
21,192,2
441,177,2
125,299,3
207,15,1
3,316,3
363,180,4
416,361,2
101,79,0
102,88,0
160,462,3
409,120,4
137,416,2
367,23,3
170,170,0
124,404,4
233,386,3
1,308,3
492,125,4
328,324,0
104,131,2
136,348,4
389,117,4
496,280,2
59,85,1
147,434,2
276,437,1
412,386,0
344,201,4
168,475,3
444,206,3
399,416,0
398,422,0
173,81,2
220,498,3
493,287,2
353,299,0
274,76,3
200,299,4
331,246,4
209,206,0
190,255,0
70,338,2
356,428,2
435,174,2
393,64,4
45,384,4
384,79,4
99,305,3
40,32,0
146,65,2
52,389,4
334,338,0
87,249,1
104,50,0
229,82,1
27,116,1
379,6,3
411,81,4
177,475,3
467,49,4
448,360,1
4,151,1
494,438,0
118,395,4
224,482,2
396,353,2
383,234,4
477,342,1
43,496,4
405,195,3
115,25,1
355,110,2
79,333,2
103,452,4
443,26,4
347,468,1
96,192,1
71,233,1
428,373,2
200,491,2
31,209,2
149,352,4
134,482,3
70,194,1
249,441,3
30,353,3
390,244,3
479,203,2
484,289,1
0,304,3
135,89,2
193,413,3
191,421,2
395,371,2
133,420,2
290,367,0
432,406,0
36,111,0
407,133,2
74,212,1
120,258,3
187,187,0
94,287,3
220,349,3
277,161,4
252,444,3
304,76,3
234,477,3
371,369,0
94,8,0
390,150,2
420,492,0
404,396,0
262,265,0
200,314,4
371,347,0
87,53,0
431,474,1
385,236,3
65,486,4
404,184,3
318,293,0
403,357,2
169,185,0
107,173,1
166,295,3
240,456,3
420,15,4
353,270,1
450,10,4
310,239,4
214,485,3
202,184,1
233,103,1
291,66,3
254,15,2
158,97,2
42,333,3
418,308,1
318,53,2
393,308,1
327,315,1
323,119,3
262,349,0
403,132,2
321,487,1
429,92,4
453,64,3
358,109,2
131,278,4
328,343,0
236,33,2
201,118,1
474,496,0
481,373,1
384,328,2
394,97,4
162,488,3
264,401,1
33,229,1
223,366,4
218,74,1
102,450,4
125,254,1
322,59,3
495,171,3
469,498,0
329,438,2
118,55,0
399,84,4
49,287,3
187,194,1
317,239,4
368,44,3
132,396,2
125,311,3
39,181,1
267,414,1
458,7,4
383,371,0
200,387,3
152,313,4
114,383,2
319,82,3
366,410,2
441,321,2
430,407,0
331,266,0
100,167,1
157,100,2
422,215,3
83,109,0
451,359,1
488,298,1
426,148,3
405,494,1
64,87,0
272,489,2
385,233,3
295,490,2
330,346,0
106,12,1
337,167,4
320,325,0
115,339,2
356,293,0
45,439,4
359,14,3
260,12,2
67,54,1
179,136,0
268,281,0
30,215,2
6,37,0
481,48,4
301,145,4
457,97,4
225,500,2
424,255,3
139,151,0
135,118,2
202,70,1
282,142,4
290,361,0
106,70,0
22,278,2
374,186,4
19,350,3
249,387,3
434,117,4
110,119,0
71,96,0
234,75,1
68,114,0
100,253,1
263,470,2
494,472,0
469,114,4
97,107,0
370,238,4
226,253,0
439,217,3
440,166,2
30,275,2
204,157,0
108,324,2
208,282,4
441,183,2
163,497,3
180,104,2
131,452,3
325,351,0
35,60,0
220,322,4
433,332,2
479,304,2
218,42,2
317,92,3
497,266,2
272,354,1
78,464,4
20,393,4
85,32,1
436,418,0
283,254,4
252,211,0
413,353,2
32,160,1
388,50,4
445,165,2
380,179,4
81,223,1
4,335,3
42,415,4
109,469,4
114,239,1
336,306,0
330,487,1
145,438,2
174,130,0
101,451,4
238,456,2
17,205,2
74,361,2
300,478,2
221,78,1
277,484,2
498,242,2
408,436,0
392,368,2
174,203,1
472,448,0
4,341,3
158,25,1
213,175,1
107,209,1
341,98,3
389,217,3
476,408,0
359,264,1
18,10,0
1,496,4
284,283,0
493,358,1
48,185,1
197,232,0
104,89,0
168,119,2
168,300,3
232,397,3
82,461,4
499,7,4
478,356,1
319,214,4
361,444,2
369,237,4
350,76,2
454,182,3
44,315,2
260,298,0
437,397,0
51,258,3
154,19,1
70,37,0
490,135,3
120,251,1
295,153,4
210,231,0
409,193,3
26,24,0
466,385,0
161,308,4
240,430,3
218,375,4
390,132,2
142,448,3
74,436,4
266,458,1
217,448,2
250,353,4
172,337,4
337,287,0
497,492,0
159,336,4
141,331,4
31,432,4
265,140,3
180,182,0
148,186,0
487,328,1
363,490,1
109,380,2
217,298,4
83,198,1
78,243,1
317,353,0
313,212,4
60,176,1
490,329,1
102,457,4
153,152,0
414,358,2
134,103,2
71,131,1
323,345,0
299,177,4
262,166,4
293,17,3
78,307,3
342,260,0
66,71,0
490,283,2
251,113,1
424,11,4
39,283,3
456,282,2
284,188,4
430,249,3
73,106,0
489,94,4
134,272,4
258,384,1
390,451,0
81,26,0
370,491,1
110,23,1
193,375,4
114,225,1
401,438,0
185,90,2
89,495,4
433,209,3
386,78,4
340,99,3
335,353,0
477,390,0
345,87,2
240,286,4
427,239,3
231,415,3
246,422,3
260,262,0
369,216,4
3,324,3
436,160,2
484,294,1
397,71,4
213,155,0
125,224,1
411,184,2
276,480,2
251,65,1
87,221,1
312,360,0
424,434,0
425,146,3
500,374,1
212,82,1
355,191,4
247,351,4
66,2,0
214,274,4
63,227,2
330,389,2
303,154,4
4,230,2
78,298,3
200,18,2
131,442,3
109,331,2
206,345,4
297,61,2
393,438,0
83,482,4
328,89,2
372,459,1
434,456,1
386,169,2
390,161,2
373,93,2
437,31,4
374,120,2
190,122,1
9,128,1
365,227,3
120,211,1
159,200,0
94,48,1
316,181,3
75,91,0
410,13,4
396,198,3
362,132,4
475,133,3
61,493,4
73,370,3
196,434,3
122,75,0
253,179,0
212,47,2
347,305,1
126,80,0
379,409,2
112,138,2
410,14,4
321,484,1
168,49,1
242,159,1
287,88,3
99,353,2
193,126,1
405,20,3
462,121,4
33,454,4
329,195,3
386,375,2
190,97,2
97,396,4
384,195,3
187,341,4
98,417,4
103,73,0
297,324,1
297,133,4
268,158,4
178,141,0
129,102,2
399,133,2
168,149,0
118,229,1
225,62,2
367,153,4
277,402,1
59,454,4
294,407,1
182,382,4
278,262,0
250,421,3
284,210,4
405,110,4
57,26,0
343,293,1
184,277,4
287,183,4
121,380,2
403,398,0
239,405,3
40,233,1
364,343,0
96,432,4
414,372,2
107,132,2
403,350,2
447,493,0
140,351,4
167,35,1
197,24,2
40,318,2
62,276,2
387,394,0
494,205,2
448,445,1
58,5,0
146,447,3
411,365,2
249,220,0
300,174,3
474,387,0
321,424,2
111,290,3
493,338,1
292,475,2
205,177,1
251,337,4
197,248,0
85,400,4
238,318,4
62,444,3
380,435,2
170,319,4
194,192,0
123,467,4
311,158,4
355,337,0
324,306,1
489,346,1
499,468,0
333,430,2
393,218,3
352,326,0
17,283,2
235,56,2
293,434,1
109,222,1
357,476,1
270,273,0
205,280,4
408,90,4
178,419,2
64,225,1
326,23,3
21,16,0
131,42,1
110,177,2
163,408,3
412,455,0
75,492,4
467,440,1
467,136,3
63,197,2
261,456,2
478,388,0
158,244,1
174,99,2
145,32,1
444,279,1
405,375,2
459,485,0
103,102,0
236,169,0
26,487,4
122,360,2
96,387,4
133,271,3
263,424,1
22,5,0
239,378,4
22,243,2
68,317,3
275,403,1
360,219,4
479,208,2
92,469,3
40,185,1
448,440,1
252,198,0
379,316,0
379,487,1
28,211,2
42,100,0
414,21,3
231,294,4
27,194,2
222,75,1
397,134,2
358,127,2
189,391,3
105,381,2
33,348,3
176,148,0
394,319,1
357,399,2
345,429,2
320,107,2
344,58,3
471,43,4
7,238,2
306,72,3
462,436,1
215,478,2
309,217,4
313,122,3
18,303,3
93,262,3
342,384,2
96,431,4
10,314,3
148,230,1
405,262,1
422,469,1
83,41,1
285,455,2
297,155,4
280,166,4
45,188,1
478,428,1
347,91,2
358,363,0
331,345,0
212,491,3
192,452,2
351,397,2
184,296,4
255,374,3
50,399,4
329,243,4
49,71,1
175,169,0
267,36,3
329,146,4
450,365,1
45,267,2
324,238,4
52,95,1
84,403,4
103,17,1
368,357,0
22,448,4
362,496,1
129,483,3
244,221,0
67,461,3
303,151,4
451,49,4
369,207,4
345,435,2
436,108,4
332,52,3
302,349,1
405,395,0
262,176,4
389,247,3
147,417,3
401,127,4
364,392,2
337,140,4
172,156,0
435,420,0
18,221,2
168,486,3
16,435,4
386,124,4
476,344,1
25,184,1
381,74,3
478,30,4
116,29,1
438,267,1
289,396,1
422,85,4
398,128,2
490,41,4
8,239,2
291,73,3
436,33,4
60,211,2
393,400,0
94,48,1
264,192,4
252,481,2
130,493,3
421,466,1
17,190,1
459,44,4
376,469,1
50,75,1
484,409,1
306,429,1
332,254,4
150,471,3
35,209,2
399,441,0
467,385,0
172,6,1
356,421,1
467,274,1
275,319,0
473,472,0
89,308,3
94,129,2
352,299,0
143,101,2
441,121,4
445,345,2
108,492,3
236,81,1
118,174,2
493,261,2
406,459,0
247,304,4
366,313,0
482,172,3
156,159,0
438,246,3
50,319,2
328,309,1
315,352,0
59,279,3
312,143,4
456,397,0
211,208,0
164,359,4
38,16,0
115,24,1
456,399,0
376,463,1
375,454,1
79,225,1
196,397,3
362,134,4
179,332,4
189,33,1
50,278,2
338,118,2
355,159,4
458,281,2
489,498,0
442,394,0
414,253,3
213,123,1
7,171,1
231,301,4
339,399,2
446,21,4
227,484,2
444,119,4
237,172,0
411,119,4
193,97,1
46,157,1
370,384,2
348,297,1
229,165,0
449,8,4
204,329,3
272,431,1
106,126,0
221,378,4
131,418,2
288,429,1
31,180,1
282,172,4
153,343,4
84,132,2
231,191,0
447,46,4
153,69,2
174,233,0
275,275,0
365,367,0
140,118,2
80,106,0
236,60,2
335,56,3
479,342,1
395,17,4
185,304,3
352,459,1
93,105,0
281,90,3
425,22,4
2,329,3
316,457,2
431,374,2
430,430,0
285,208,4
208,241,0
89,255,1
197,258,4
453,42,4
464,248,2
66,432,4
288,83,3
263,46,2
224,285,4
133,5,1
53,439,3
243,22,2
157,275,3
484,38,4
206,204,0
463,140,3
114,292,3
370,352,0
115,479,4
442,439,0
362,39,3
96,322,2
27,441,4
21,245,2
428,487,0
335,51,3
216,452,2
425,360,1
176,458,3
292,256,0
383,465,1
344,389,2
179,260,4
371,469,1
180,455,3
301,265,0
64,226,1
374,373,0
467,309,2
298,349,1
347,17,3
194,135,0
217,332,4
33,8,0
281,153,3
265,328,0
130,225,0
174,103,2
451,246,3
71,50,1
78,22,0
140,372,4
5,93,0
320,87,2
219,8,2
430,229,3
201,328,3
123,320,3
179,261,4
447,213,3
413,362,2
485,129,3
13,218,2
239,402,3
52,19,0
178,293,4
7,423,4
354,13,3
2,463,4
81,217,1
1,310,3
35,499,4
223,389,3
131,428,3
193,60,2
334,491,1
195,163,0
381,416,2
78,285,3
226,384,3
464,350,1
141,418,3
160,71,2
397,1,3
11,405,4
318,293,0
427,366,1
94,77,0
139,316,4
268,41,2
306,234,4
255,370,3
183,22,1
37,407,4
67,55,1
99,190,2
43,7,0
245,298,4
300,158,4
154,335,4
486,459,0
267,338,0
304,83,3
142,169,0
199,151,0
327,398,2
372,346,0
204,437,3
313,422,1
101,356,2
124,396,4
6,178,1
449,274,2
278,318,0
93,146,2
215,285,4
410,140,2
134,447,3
216,498,2
194,208,0
365,165,4
37,380,3
281,306,0
237,141,0
477,259,2
130,42,1
418,272,1
485,378,1
352,177,4
250,351,4
133,123,2
234,268,4
110,345,3
149,118,2
15,275,2
399,28,4
403,41,4
105,417,4
440,69,4
144,410,2
328,160,4
179,297,4
234,239,0
345,50,3
247,343,4
31,166,1
82,219,1
376,322,0
27,90,0
265,79,3
56,451,4
186,405,3
499,436,0
270,59,3
476,273,2
262,66,3
234,239,0
490,489,0
369,134,4
290,408,1
71,328,2
144,10,1
56,384,4
412,31,3
71,389,4
75,61,1
458,18,4
28,85,0
8,365,3
101,69,0
333,32,3
106,368,2
334,66,2
266,393,1
225,122,1
307,450,2
96,368,2
176,167,0
286,53,2
498,397,1
130,450,3
363,111,2
352,222,4
235,403,3
431,37,3
411,123,4
430,476,1
23,241,2
486,429,0
199,92,1
467,162,3
49,232,2
210,408,3
243,170,0
486,285,2
263,401,1
90,16,0
151,317,4
248,282,4
222,358,4
194,152,0
164,445,2
228,467,3
413,183,2
214,141,0
272,448,2
2,216,2
415,453,0
88,443,4
42,446,4
183,409,3
255,261,4
375,66,3
14,297,2
68,75,0
292,230,4
93,63,0
234,8,2
362,57,3
248,462,3
384,74,4
119,371,2
305,252,4
467,230,3
52,283,3
185,436,2
136,409,2
178,97,2
337,33,3
235,209,0
93,372,2
336,329,0
20,499,4
85,2,0
284,444,1
97,292,3
130,94,2
307,247,4
211,311,4
387,119,4
52,232,2
33,95,1
38,465,4
32,81,1
105,439,4
147,358,4
40,22,0
312,399,1
109,371,2
87,224,1
442,497,0
34,19,0
179,115,1
270,361,1
283,151,3
445,81,4
10,329,3
22,418,4
377,100,2
342,159,4
389,343,2
166,388,2
442,118,4
399,41,4
333,142,4
230,498,2
355,226,3
219,443,3
444,160,2
12,78,0
48,195,2
256,407,1
488,463,0
360,221,4
154,292,4
418,356,1
141,404,2
42,177,1
332,234,4
406,461,0
146,308,4
158,290,4
291,284,0
416,16,4
387,126,4
266,136,3
297,259,0
57,345,3
34,43,0
394,248,3
326,224,4
34,248,2
23,301,3
228,457,3
489,81,4
203,298,4
106,470,4
168,487,3
186,199,1
376,405,2
5,480,4
256,334,0
496,37,4
81,243,1
306,356,0
138,137,0
342,71,2
337,468,1
164,285,4
372,346,0
442,57,3
156,456,3
395,375,2
93,466,3
356,188,4
266,459,1
148,323,4
116,380,2
174,481,3
220,15,2
119,88,0
232,498,2
374,404,2
26,119,1
321,196,3
236,92,1
294,240,4
401,72,4
105,27,1
233,428,3
94,75,0
467,344,1
188,243,0
492,205,2
361,247,4
136,256,3
130,253,1
292,422,1
35,463,4
116,463,4
56,168,1
307,377,0
47,168,1
261,394,1
249,34,2
19,127,1
146,289,4
289,285,0
496,396,1
160,166,0
399,301,1
496,383,1
168,131,0
330,211,4
230,334,4
155,407,2
210,278,4
319,332,1
225,425,3
414,331,2
356,411,2
272,353,1
173,377,4
434,124,4
201,240,0
209,132,0
494,256,2
423,21,4
300,30,3
218,175,1
255,482,2
152,93,1
170,117,2
454,290,2
9,136,1
436,425,0
8,204,1
286,438,1
268,159,4
434,308,1
487,331,1
395,329,1
22,402,3
73,61,1
407,135,2
351,286,0
429,219,3
125,206,1
308,77,3
77,273,3
137,221,0
345,288,1
342,195,4
213,346,3
351,476,1
26,447,4
221,304,4
73,195,1
73,280,3
480,348,1
352,284,1
88,354,3
400,216,3
138,9,1
429,310,1
83,470,3
265,445,1
52,455,4
163,77,2
468,162,3
305,109,3
270,197,4
117,181,1
367,266,1
367,273,1
220,181,1
1,34,0
263,181,4
321,354,0
159,346,4
206,313,4
304,354,0
163,359,4
484,326,1
24,299,3
369,300,0
359,252,4
462,151,3
407,495,1
0,344,3
59,104,0
250,17,2
35,10,0
455,156,3
392,26,4
61,417,4
322,239,4
100,12,1
150,93,2
455,391,0
29,130,1
146,437,2
95,446,4
285,320,0
155,291,4
102,54,0
128,321,4
298,43,2
33,24,0
319,283,0
257,44,3
360,172,4
9,218,2
51,421,4
424,434,0
212,430,3
61,421,4
13,45,0
23,73,0
120,498,3
327,241,4
286,210,4
242,444,3
252,15,2
30,200,2
81,155,2
362,200,4
245,332,4
158,145,0
477,261,2
148,458,3
250,348,4
453,384,0
360,291,0
366,471,1
136,154,0
178,20,1
66,255,1
363,355,0
58,496,4
437,348,2
457,7,4
97,283,3
210,165,1
135,75,2
222,488,3
150,93,2
354,109,2
344,81,2
210,51,2
371,57,3
416,306,1
497,462,0
363,276,1
252,477,2
212,184,1
167,480,3
85,445,4
85,40,1
273,335,0
220,278,4
394,121,4
411,396,0
360,196,4
126,44,0
446,472,1
499,419,0
419,214,3
195,367,4
414,75,4
380,264,1
283,222,4
194,421,3
77,15,0
237,379,4
423,275,1
348,349,0
255,304,4
124,361,2
451,174,3
34,267,2
292,28,3
483,271,2
212,366,4
417,456,1
89,267,3
151,314,4
41,113,0
85,440,4
226,389,3
192,72,1
445,75,4
325,150,4
86,128,2
163,146,0
471,85,3
384,379,2
79,484,4
131,91,2
313,233,4
64,410,4
135,110,2
191,398,3
450,462,0
78,102,0
267,396,1
277,110,3
260,393,1
85,41,1
383,176,4
21,384,4
172,455,3
0,336,3
55,211,2
102,13,1
111,425,4
498,29,4
345,426,2
89,178,2
157,356,4
372,62,3
444,107,4
170,14,1
357,153,4
495,369,1
464,436,1
65,465,4
209,17,1
429,402,0
481,46,4
147,459,3
208,473,2
382,413,2
16,260,2
232,416,3
4,477,4
384,395,0
297,239,4
345,75,2
130,231,1
494,126,4
99,333,3
216,206,0
78,415,4
367,209,4
400,309,1
148,30,1
23,125,1
291,346,1
92,416,4
290,312,0
284,40,3
198,276,4
63,196,2
314,201,4
348,24,3
251,401,3
17,215,1
264,76,3
191,285,4
347,138,4
298,142,4
250,491,2
80,4,0
56,364,3
258,270,0
117,319,3
105,17,1
20,268,2
312,344,0
419,324,2
30,496,4
465,184,3
325,42,3
213,279,4
360,385,2
354,230,3
357,404,2
457,403,0
363,111,2
199,271,4
374,254,3
67,364,3
165,68,2
298,138,4
179,33,1
190,258,4
194,264,4
331,320,0
371,329,0
216,128,0
12,202,1
265,118,3
43,26,0
140,210,0
427,71,4
436,82,4
352,486,1
336,71,2
200,268,4
154,157,0
366,294,0
275,327,0
126,339,3
333,250,4
34,482,4
203,106,1
51,462,4
404,486,1
188,441,2
304,444,1
185,214,1
97,157,2
121,425,4
376,25,3
388,451,0
493,300,1
354,30,3
285,42,3
395,282,1
490,288,2
326,39,3
229,179,0
276,106,3
103,262,3
76,322,2
415,192,3
127,76,0
127,280,3
278,73,3
11,293,3
421,257,1
379,420,2
478,207,2
487,105,3
251,404,3
93,390,4
234,126,1
175,469,3
309,472,2
85,304,3
469,4,4
67,476,4
135,107,2
424,440,0
301,430,1
458,225,2
344,176,4
392,23,4
266,392,1
245,413,3
334,44,3
25,172,1
126,272,3
455,227,2
99,488,3
445,415,0
352,303,0
173,12,1
70,4,0
15,13,0
180,256,4
220,197,0
354,201,4
199,206,0
51,160,1
205,160,1
50,56,0
32,38,0
217,238,0
440,332,2
86,47,1
392,246,3
236,162,0
233,436,3
131,177,0
92,329,2
283,397,1
470,14,4
429,279,1
74,407,4
489,473,0
354,273,1
304,273,0
340,372,0
90,465,3
381,479,1
199,436,3
205,218,0
31,201,2
360,302,0
241,279,4
292,401,1
98,28,1
494,412,1
316,150,4
136,245,1
416,330,2
436,109,4
20,44,0
320,324,0
229,419,3
260,79,3
292,158,4
13,184,1
235,259,4
184,25,1
434,290,1
345,463,1
331,429,2
252,213,0
132,464,3
135,368,4
333,207,3
393,22,4
13,213,2
78,383,3
369,245,3
308,413,1
30,239,2
17,121,1
39,341,3
22,314,3
321,103,2
148,170,0
76,310,3
370,307,0
280,286,0
0,351,3
286,497,2
251,224,0
445,130,3
7,246,2
309,42,2
491,418,0
209,426,3
136,228,1
351,105,3
435,189,2
269,482,2
334,261,0
48,156,1
318,18,3
59,129,1
201,184,1
125,45,0
441,125,4
305,243,4
194,351,4
186,252,0
142,183,0
173,153,0
249,251,0
464,438,1
94,183,2
96,380,2
198,267,4
250,93,1
481,46,4
29,276,2
12,306,3
56,48,0
278,274,0
224,229,0
39,427,3
189,63,1
253,64,1
395,244,3
23,330,3
421,345,2
102,396,4
297,11,2
424,385,0
16,105,1
257,135,3
49,152,1
384,452,0
398,479,0
108,29,1
262,142,3
92,172,2
415,31,3
257,337,0
497,176,3
399,306,1
398,402,0
235,172,0
407,399,0
45,145,1
4,415,4
238,167,0
476,344,1
75,361,2
290,82,3
17,473,4
323,173,4
122,382,2
439,439,0
51,128,1
218,304,4
255,379,3
103,195,1
102,235,1
497,426,0
336,146,4
198,368,4
365,248,4
433,107,4
162,319,4
57,86,1
226,169,0
369,106,2
460,488,0
263,408,1
264,476,2
141,322,4
189,475,3
394,459,0
450,260,1
304,27,2
393,2,3
367,320,0
16,497,4
306,126,3
393,10,3
0,42,0
153,379,4
136,410,2
226,432,3
374,495,1
11,459,4
321,285,0
17,30,0
27,469,4
8,299,2
15,65,0
308,333,1
196,149,0
101,274,3
13,264,2
61,186,1
108,108,0
193,438,3
393,325,2
71,265,3
338,111,3
206,394,3
14,364,3
308,349,1
4,70,0
47,344,3
392,87,4
227,49,2
84,232,1
196,489,3
124,427,4
356,464,1
295,500,2
384,271,1
326,237,4
186,17,1
400,277,1
452,12,4
368,231,4
223,451,2
133,77,2
318,257,0
221,245,0
137,500,3
87,425,4
478,403,0
217,374,4
383,311,0
293,8,3
156,432,3
147,231,1
493,326,1
371,195,4
372,351,0
246,497,2
498,55,4
148,198,0
35,353,3
212,254,0
209,191,1
21,439,4
386,182,3
302,159,4
77,187,2
274,428,1
301,5,2
357,410,2
174,335,4
106,355,2
348,146,4
296,173,3
151,402,2
266,144,4
392,363,2
230,496,2
16,423,4
218,103,1
294,170,3
308,91,3
469,465,0
188,466,3
30,471,4
19,264,2
374,386,2
259,401,1
76,472,4
360,496,1
28,364,3
406,453,0
147,262,4
467,87,3
321,430,2
171,375,4
401,117,4
3,44,0
340,53,3
309,128,4
415,491,1
135,126,2
292,222,4
299,385,1
151,23,1
219,9,2
40,499,4
193,143,0
71,228,1
371,35,3
320,413,2
18,168,1
479,5,4
383,271,1
155,383,4
299,41,2
284,273,0
22,253,2
149,257,4
45,259,3
82,385,4
5,448,4
225,472,3
434,228,3
134,199,0
434,197,3
212,345,3
157,228,1
173,200,1
149,24,1
380,458,1
8,465,4
46,171,1
277,98,3
359,336,0
316,313,0
2,423,4
462,415,0
499,303,2
173,364,4
434,90,4
76,57,1
116,443,4
275,312,0
344,277,0
245,234,0
377,56,3
226,197,0
333,391,2
463,478,0
102,322,2
372,120,2
117,49,0
13,343,3
486,262,2
372,481,1
164,63,1
237,303,4
4,224,2
88,71,0
296,299,0
392,64,4
287,94,3
11,263,2
156,208,0
239,140,0
292,276,0
95,61,0
283,233,4
42,281,3
487,99,3
199,365,4
101,18,1
483,227,2
438,125,4
490,200,2
298,225,4
476,230,3
311,193,4
1,96,0
89,18,0
332,113,3
260,315,0
478,82,3
6,472,4
478,198,2
262,36,2
290,302,0
395,382,2
40,128,1
325,32,3
244,13,2
320,315,1
344,244,4
451,322,1
387,324,1
285,171,4
157,76,2
58,376,3
23,106,1
265,83,3
21,259,2
461,166,3
360,226,3
15,189,1
173,423,2
400,427,0
492,388,1
180,342,4
343,125,2
38,82,1
446,430,0
357,186,4
216,343,3
323,134,4
286,295,0
285,174,4
320,88,2
0,334,3
422,74,4
148,356,4
484,233,2
323,471,1
43,40,0
329,31,3
52,278,2
79,24,0
264,325,0
215,209,0
487,129,3
353,385,2
387,253,3
319,142,4
425,413,0
417,364,2
370,367,0
256,190,4
31,437,4
426,111,4
188,192,1
9,372,3
224,308,4
365,251,4
48,476,4
415,130,2
96,268,3
302,137,4
216,343,3
146,337,4
137,458,3
105,261,3
28,458,4
174,187,0
238,415,3
117,291,3
81,57,1
383,94,2
21,209,1
100,441,4
68,376,3
168,129,0
400,431,0
29,42,0
110,90,0
482,498,0
12,336,3
393,311,1
265,54,3
175,470,3
171,99,2
57,35,0
131,45,1
331,338,0
314,79,3
462,477,0
57,317,2
271,34,3
186,246,0
154,157,0
256,340,0
321,161,4
247,275,4
180,337,4
238,102,1
93,116,0
240,233,0
466,174,3
391,138,2
268,221,4
279,334,0
493,28,4
69,30,0
74,406,4
211,422,3
101,173,2
0,377,3
347,409,1
151,181,0
362,408,2
349,199,4
114,334,3
159,483,3
114,204,1
146,419,3
363,197,4
206,170,1
387,461,0
489,46,4
133,196,0
448,98,4
275,497,2
36,442,4
87,9,0
133,373,4
478,30,4
117,363,2
423,226,3
24,85,0
206,365,4
363,71,3
146,226,1
390,307,1
12,324,3
429,231,3
346,163,4
201,301,4
456,436,1
328,302,1
118,371,2
24,320,3
179,85,2
420,13,4
155,383,4
263,201,4
163,272,4
241,256,4
42,466,4
67,245,1
415,135,2
24,444,4
260,379,1
320,494,1
348,402,2
110,137,2
57,29,0
457,68,3
252,22,2
77,448,3
54,352,3
335,239,4
179,403,2
121,142,2
446,230,3
463,211,2
390,336,2
89,492,4
269,322,0
353,48,3
59,384,4
143,342,4
390,191,3
72,233,1
258,476,2
252,208,0
252,192,0
78,478,4
417,476,1
210,330,4
178,446,2
420,187,2
151,55,1
188,388,3
420,364,2
420,6,4
425,137,2
374,193,4
325,23,3
472,4,4
231,407,3
225,367,3
123,416,4
310,268,0
39,10,0
482,434,0
53,201,2
16,126,1
170,396,2
217,64,1
462,315,2
372,34,3
413,39,4
225,11,2
329,454,1
338,70,2
54,127,0
359,153,4
463,165,3
297,495,1
67,106,0
224,309,4
138,226,1
453,126,4
54,284,2
184,321,4
369,446,2
229,285,4
108,213,1
370,152,4
366,451,1
248,344,4
114,443,4
326,416,2
340,367,0
110,145,2
312,15,3
130,343,4
63,451,4
394,340,2
170,418,2
103,132,2
13,59,0
99,194,1
273,52,2
360,66,2
348,131,4
415,16,3
82,462,4
115,207,1
219,491,3
122,372,2
183,226,0
70,267,3
35,252,2
492,312,2
39,1,0
400,53,4
89,304,3
111,181,2
320,177,4
96,320,2
7,98,1
142,435,3
392,486,1
395,493,1
491,321,1
384,5,3
8,189,1
262,181,4
323,64,2
319,238,4
454,373,1
143,196,0
83,327,2
261,458,2
206,191,1
394,258,1
462,72,3
70,430,4
450,209,2
351,58,3
310,277,0
62,341,3
91,467,3
386,133,2
59,35,0
177,86,2
428,166,2
273,459,2
426,79,4
187,250,0
38,186,1
18,488,4
125,21,1
24,64,0
142,3,1
12,464,4
191,81,2
93,411,4
452,189,3
365,248,4
54,92,1
6,141,1
354,254,4
214,446,3
317,90,3
263,204,4
488,44,4
149,62,1
136,74,1
430,109,4
11,385,3
34,294,2
247,478,2
263,362,1
151,227,1
251,155,0
416,386,0
216,226,0
38,454,4
285,33,3
430,212,3
230,372,4
322,79,2
388,338,2
38,114,0
24,158,1
393,495,1
387,320,1
442,80,4
344,299,1
102,361,2
460,166,3
96,137,2
202,190,1
457,48,4
250,145,1
139,51,1
413,132,2
393,349,2
329,318,1
371,196,4
322,9,3
336,131,4
4,63,0
80,294,3
281,444,1
413,88,4
65,156,2
193,51,2
472,275,2
89,409,4
378,226,4
321,290,0
252,407,3
95,263,3
73,285,3
361,199,4
354,416,1
240,338,4
180,162,0
171,18,1
110,156,2
13,336,3
65,414,4
220,422,3
488,126,4
207,147,0
154,280,3
383,492,1
255,60,1
112,75,0
418,217,3
84,140,2
431,192,3
226,347,4
68,402,4
262,208,4
405,164,3
326,28,3
1,233,2
46,451,4
338,35,3
318,458,2
10,354,3
248,29,2
207,37,2
451,433,1
36,162,1
171,102,2
216,223,0
222,368,4
263,419,1
460,465,0
319,500,2
53,491,4
418,360,2
245,242,0
335,33,3
163,178,0
105,268,3
422,108,4
231,176,0
181,243,0
10,437,4
67,221,1
101,492,3
83,480,4
35,132,1
91,214,1
330,328,0
299,248,4
240,48,1
44,271,2
454,440,1
93,467,3
359,328,0
215,140,0
110,78,0
74,482,4
77,259,3
191,408,2
346,143,4
376,498,1
473,389,0
470,47,4
336,83,2
307,463,2
496,281,2
122,66,0
305,420,1
419,241,3
320,433,2
87,268,3
147,444,3
182,406,2
488,420,0
415,235,3
487,156,3
237,13,2
342,356,0
397,16,4
276,211,4
142,118,2
102,64,0
466,457,0
413,459,0
111,336,3
97,235,1
200,483,2
415,260,1
225,428,3
371,252,3
186,175,0
265,116,3
214,122,1
348,32,3
209,392,3
85,44,1
133,482,3
132,34,1
221,73,1
355,36,3
425,491,0
95,500,4
203,402,3
207,79,1
263,417,1
313,82,3
110,282,3
165,5,1
267,278,0
368,98,2
189,290,4
67,221,1
480,64,4
366,269,0
79,111,0
277,418,1
207,427,3
454,350,1
477,38,4
460,195,2
296,166,3
201,365,4
356,400,2
214,45,2
428,344,2
203,417,3
252,4,2
465,496,0
224,287,4
117,436,4
175,244,0
434,55,3
183,431,2
385,175,3
414,198,3
146,483,3
284,87,3
348,141,4
272,339,0
304,285,0
432,30,4
339,453,1
373,4,3
228,401,3
476,61,4
75,107,0
117,255,1
12,28,0
459,493,0
333,301,0
394,174,2
12,8,0
411,265,1
256,282,0
161,448,3
101,141,2
36,303,2
154,230,1
433,98,4
354,334,0
82,180,2
179,427,2
184,61,1
302,95,3
132,414,2
1,324,3
167,15,1
246,295,4
28,298,3
46,46,0
245,381,3
444,405,0
432,12,4
469,179,3
260,412,1
493,191,3
499,269,2
244,492,2
340,420,2
243,185,0
237,249,0
383,104,2
278,376,1
127,107,0
404,345,2
151,432,2
197,85,1
52,243,1
100,193,1
309,206,4
182,402,2
278,424,1
478,17,4
32,326,3
427,110,4
26,1,0
13,275,2
59,338,3
188,355,4
335,454,1
136,283,4
152,148,0
182,13,1
459,486,0
319,167,4
198,226,0
483,13,4
341,80,2
394,274,1
471,129,3
237,364,3
408,469,0
220,30,1
6,436,4
484,6,4
351,193,4
252,18,2
362,234,3
147,308,4
302,127,3
396,330,1
346,94,2
10,312,3
429,10,4
4,205,2
21,263,2
471,248,3
313,101,3
111,424,4
92,390,4
324,113,3
377,499,1
97,472,4
108,492,3
309,470,2
125,75,0
223,298,4
281,124,3
117,203,1
305,329,1
178,487,3
258,111,3
396,95,4
415,271,1
398,143,2
413,56,4
471,368,1
216,214,0
76,209,1
362,464,1
389,299,1
39,418,3
97,238,1
127,436,4
115,14,1
350,324,0
262,171,4
367,490,1
186,475,3
281,248,4
343,130,4
117,313,3
201,62,2
459,435,1
320,107,2
90,172,2
7,479,4
43,179,1
25,30,0
213,33,2
79,396,4
170,8,1
9,388,3
327,199,3
300,483,2
262,366,1
111,171,1
498,205,3
77,32,1
272,132,4
485,299,2
360,322,0
471,210,2
103,296,3
239,165,0
349,16,3
107,175,1
364,448,1
101,462,4
232,395,3
399,66,4
374,255,3
36,439,4
198,84,1
304,159,4
33,175,1
199,128,0
342,341,0
299,397,1
341,226,4
481,319,2
276,86,3
195,397,3
313,204,4
37,372,3
23,84,0
277,145,3
87,345,2
457,39,4
77,321,2
489,427,0
341,71,2
291,301,0
251,16,2
427,458,0
90,328,2
243,178,0
145,151,0
457,404,0
455,426,1
419,13,4
190,171,0
439,59,3
225,359,3
456,289,2
235,222,0
368,314,0
131,113,2
204,267,4
154,250,0
28,139,1
110,155,2
381,137,4
46,350,3
37,211,2
277,120,3
456,279,2
385,426,0
103,148,2
286,128,4
297,142,4
403,479,0
292,85,3
124,259,3
275,221,4
319,371,0
43,383,3
252,230,0
175,268,4
79,307,3
263,416,1
463,475,0
216,151,0
272,23,2
167,3,1
285,245,4
468,98,4
422,290,1
146,495,3
346,409,1
346,427,2
63,405,4
173,159,0
329,49,3
228,401,3
447,7,4
4,333,3
401,29,3
294,175,3
209,342,3
67,71,0
489,449,0
193,86,1
246,275,4
31,316,2
329,149,4
87,26,0
372,284,1
378,318,0
111,459,4
400,138,2
244,306,4
452,48,4
191,491,3
199,137,0
413,148,2
425,436,0
220,91,1
266,382,1
211,272,4
120,207,1
78,339,2
72,278,3
24,456,4
318,475,2
298,221,4
178,236,0
6,17,0
38,374,3
277,16,2
134,267,3
351,223,3
1,457,4
39,31,0
249,354,4
358,80,3
456,482,0
120,277,3
389,312,1
450,321,1
249,381,3
443,399,0
497,116,3
390,377,2
269,13,2
370,406,2
194,340,4
101,252,1
463,421,1
23,375,3
133,346,4
454,164,3
178,122,2
468,412,0
23,305,2
432,177,2
376,191,4
67,157,2
205,423,3
262,146,4
216,174,1
309,450,2
118,44,0
475,12,4
229,228,0
413,189,2
93,320,2
196,192,0
240,389,3
455,50,4
209,421,3
464,402,0
71,405,4
57,416,4
95,496,4
495,435,0
137,279,4
175,41,1
398,54,4
44,61,0
61,50,0
471,208,2
481,90,4
2,466,4
257,94,3
72,371,3
349,285,0
95,342,2
88,373,3
131,173,0
399,413,0
421,417,0
48,407,4
497,422,0
208,297,4
75,294,3
167,38,1
379,492,1
492,447,0
312,9,3
163,165,0
434,181,2
10,485,4
155,385,2
210,199,0
190,192,1
125,105,0
499,105,4
3,353,3
181,2,1
50,32,0
274,247,4
376,375,0
297,85,3
304,325,1
315,209,4
452,75,3
315,482,2
294,143,4
82,471,3
218,18,2
227,420,3
336,424,2
466,112,4
400,164,3
201,435,3
249,133,1
436,104,4
47,201,2
97,337,3
16,48,0
209,208,0
348,380,0
54,345,3
468,500,0
175,65,2
302,219,4
222,333,4
383,240,3
490,479,0
140,483,3
369,274,0
210,376,4
129,304,4
226,444,3
310,35,2
393,212,3
341,131,4
300,267,0
413,357,2
479,21,4
475,474,0
146,90,2
471,333,1
309,484,2
460,62,4
103,425,4
45,40,0
413,251,3
411,403,0
194,383,4
246,163,0
324,430,2
27,474,4
456,136,3
220,75,1
430,472,1
349,282,0
207,326,3
388,1,3
451,421,1
329,393,1
181,438,2
128,381,4
248,323,4
184,374,4
443,331,2
265,129,3
317,472,2
199,17,2
39,342,3
281,485,2
155,429,3
22,193,2
346,87,2
433,448,1
425,23,4
64,217,1
135,129,0
466,397,0
285,97,3
357,450,1
57,469,4
184,194,1
305,198,4
276,424,1
112,442,4
392,144,2
258,159,4
335,262,0
154,100,2
199,248,0
385,228,3
89,204,1
27,406,3
125,275,3
323,2,3
445,425,0
93,425,4
190,340,4
132,247,1
82,19,0
19,11,0
497,342,1
163,456,3
105,481,3
119,393,4
487,85,4
289,137,4
305,222,4
495,24,4
51,238,2
211,425,3
355,471,1
157,484,3
89,462,4
256,318,0
277,41,3
247,371,3
147,421,3
312,445,1
429,411,0
319,73,3
176,164,0
93,461,4
389,387,0
97,117,0
445,457,1
210,341,3
321,53,3
270,200,4
243,350,4
208,98,1
8,442,4
90,47,1
486,326,1
291,433,1
111,397,4
164,159,0
347,493,1
419,496,0
98,293,3
289,59,2
330,93,2
397,470,0
352,19,3
219,174,1
49,31,0
450,21,4
105,410,4
354,301,0
75,494,4
402,135,2
437,6,4
495,78,4
280,162,4
441,395,0
160,141,0
354,325,0
